{
  "stage1_resnet_best_val_acc": 0.9966666666666667,
  "stage1_galaxycnn_best_val_acc": 0.996031746031746,
  "stage2_resnet_best_val_acc": 0.989206243772833,
  "stage2_galaxycnn_best_val_acc": 0.9264363998671538,
  "hist_s1": {
    "resnet18": {
      "train_loss": [
        0.018331947304966255,
        0.009954538336504132
      ],
      "val_acc": [
        0.9955555555555555,
        0.9966666666666667
      ]
    },
    "galaxycnn": {
      "train_loss": [
        0.02846514341584037,
        0.01674336203290815
      ],
      "val_acc": [
        0.996031746031746,
        0.9958730158730159
      ]
    }
  },
  "hist_s2": {
    "resnet18": {
      "train_loss": [
        0.07401689136853837,
        0.04165097817032014
      ],
      "val_acc": [
        0.970275655928263,
        0.989206243772833
      ]
    },
    "galaxycnn": {
      "train_loss": [
        0.23732381358150034,
        0.18697968891497854
      ],
      "val_acc": [
        0.9211225506476254,
        0.9264363998671538
      ]
    }
  }
}